<?xml version="1.0" encoding="UTF-8"?><rss version="2.0"
	xmlns:content="http://purl.org/rss/1.0/modules/content/"
	xmlns:wfw="http://wellformedweb.org/CommentAPI/"
	xmlns:dc="http://purl.org/dc/elements/1.1/"
	xmlns:atom="http://www.w3.org/2005/Atom"
	xmlns:sy="http://purl.org/rss/1.0/modules/syndication/"
	xmlns:slash="http://purl.org/rss/1.0/modules/slash/"
	>

<channel>
	<title>tarek &#8211; Myle</title>
	<atom:link href="/author/tarekball/feed/" rel="self" type="application/rss+xml" />
	<link>/</link>
	<description>Knowledge Base</description>
	<lastBuildDate>Wed, 28 Jul 2021 15:21:00 +0000</lastBuildDate>
	<language>fr-FR</language>
	<sy:updatePeriod>
	hourly	</sy:updatePeriod>
	<sy:updateFrequency>
	1	</sy:updateFrequency>
	

<image>
	<url>/wp-content/uploads/2021/07/cropped-2021-07-27-17_43_55-medfar-logo-–-Recherche-Google-32x32.png</url>
	<title>tarek &#8211; Myle</title>
	<link>/</link>
	<width>32</width>
	<height>32</height>
</image> 
	<item>
		<title>Commentaires!</title>
		<link>/hello-world/</link>
					<comments>/hello-world/#comments</comments>
		
		<dc:creator><![CDATA[tarek]]></dc:creator>
		<pubDate>Tue, 27 Jul 2021 22:32:22 +0000</pubDate>
				<category><![CDATA[Commentaires]]></category>
		<guid isPermaLink="false">/?p=1</guid>

					<description><![CDATA[Welcome to Myle!]]></description>
										<content:encoded><![CDATA[
<p>Welcome to Myle!</p>
]]></content:encoded>
					
					<wfw:commentRss>/hello-world/feed/</wfw:commentRss>
			<slash:comments>3</slash:comments>
		
		
			</item>
	</channel>
</rss>
