<?xml version="1.0" encoding="UTF-8"?><rss version="2.0"
	xmlns:content="http://purl.org/rss/1.0/modules/content/"
	xmlns:wfw="http://wellformedweb.org/CommentAPI/"
	xmlns:dc="http://purl.org/dc/elements/1.1/"
	xmlns:atom="http://www.w3.org/2005/Atom"
	xmlns:sy="http://purl.org/rss/1.0/modules/syndication/"
	xmlns:slash="http://purl.org/rss/1.0/modules/slash/"
	>

<channel>
	<title>Overview &#8211; Myle</title>
	<atom:link href="/kb-myle/category/myle-clerical/overview/feed/" rel="self" type="application/rss+xml" />
	<link>/</link>
	<description>Knowledge Base</description>
	<lastBuildDate>Thu, 23 Sep 2021 02:24:00 +0000</lastBuildDate>
	<language>fr-FR</language>
	<sy:updatePeriod>
	hourly	</sy:updatePeriod>
	<sy:updateFrequency>
	1	</sy:updateFrequency>
	

<image>
	<url>/wp-content/uploads/2021/07/cropped-2021-07-27-17_43_55-medfar-logo-–-Recherche-Google-32x32.png</url>
	<title>Overview &#8211; Myle</title>
	<link>/</link>
	<width>32</width>
	<height>32</height>
</image> 
	<item>
		<title>Vidéos support</title>
		<link>/kb-myle/category-hierarchy-and-tabs-layout/</link>
		
		<dc:creator><![CDATA[tarek]]></dc:creator>
		<pubDate>Tue, 27 Jul 2021 22:51:22 +0000</pubDate>
				<guid isPermaLink="false">/knowledge-base/category-hierarchy-and-tabs-layout/</guid>

					<description><![CDATA[Lorem ipsum dolor sit amet, consectetur adipiscing elit, sed do eiusmod tempor incididunt ut labore et dolore magna aliqua. Id eu nisl nunc mi. Sed nisi lacus sed viverra tellus in hac habitasse platea. Quam elementum pulvinar etiam non quam lacus suspendisse faucibus. Eleifend donec pretium vulputate sapien nec.]]></description>
										<content:encoded><![CDATA[<p><a href="https://www.youtube.com/c/Medfarsolutions/videos">https://www.youtube.com/c/Medfarsolutions/videos</a></p>


<p></p>
]]></content:encoded>
					
		
		
			</item>
	</channel>
</rss>
