<?xml version="1.0" encoding="UTF-8"?><rss version="2.0"
	xmlns:content="http://purl.org/rss/1.0/modules/content/"
	xmlns:wfw="http://wellformedweb.org/CommentAPI/"
	xmlns:dc="http://purl.org/dc/elements/1.1/"
	xmlns:atom="http://www.w3.org/2005/Atom"
	xmlns:sy="http://purl.org/rss/1.0/modules/syndication/"
	xmlns:slash="http://purl.org/rss/1.0/modules/slash/"
	>

<channel>
	<title>Myle Clerical &#8211; Myle</title>
	<atom:link href="/kb-myle/category/myle-clerical/feed/" rel="self" type="application/rss+xml" />
	<link>/</link>
	<description>Knowledge Base</description>
	<lastBuildDate>Thu, 23 Sep 2021 12:36:26 +0000</lastBuildDate>
	<language>fr-FR</language>
	<sy:updatePeriod>
	hourly	</sy:updatePeriod>
	<sy:updateFrequency>
	1	</sy:updateFrequency>
	

<image>
	<url>/wp-content/uploads/2021/07/cropped-2021-07-27-17_43_55-medfar-logo-–-Recherche-Google-32x32.png</url>
	<title>Myle Clerical &#8211; Myle</title>
	<link>/</link>
	<width>32</width>
	<height>32</height>
</image> 
	<item>
		<title>Documents</title>
		<link>/kb-myle/documents/</link>
		
		<dc:creator><![CDATA[tarek]]></dc:creator>
		<pubDate>Wed, 28 Jul 2021 01:17:26 +0000</pubDate>
				<guid isPermaLink="false">/?post_type=epkb_post_type_1&#038;p=47</guid>

					<description><![CDATA[Tout&#160;document&#160;ajouté&#160;manuellement&#160;: (&#160;Numérisation) This is an un-ordered list Tâche&#160;complétée&#160;:&#160;VERTE Tâche&#160;non&#160;complétée&#160;+&#160;date&#160;du&#160;jour&#160;ou&#160;date&#160;antérieure&#160;:&#160;ROUGE Myle&#160;ne&#160;rappellera&#160;pas&#160;de la tâche non complétée envoyée&#160;dans&#160;Archive Numériser&#160;:&#160;Passer&#160;du&#160;papier&#160;au&#160;numériqueIndexer&#160;:&#160;Attribuer&#160;le&#160;document&#160;au&#160;bon&#160;dossier&#160;patient**Attacher&#160;un&#160;document&#160;s&#8217;il&#160;s&#8217;agit&#160;d&#8217;un&#160;seul&#160;document&#160;pour&#160;indexation**Numéridation&#160;en&#160;lot&#160;:&#160;Plusieurs&#160;documents&#160;au&#160;même&#160;temps&#160;pouvant&#160;laisser&#160;l&#8217;action&#160;à&#160;faire&#160;plus&#160;tard&#160;en&#160;cliquant&#160;sur&#160;annuler.&#160;Quand&#160;vous&#160;revenez&#160;dans&#160;l&#8217;ongle&#160;(&#160;numérisation&#160;en&#160;lot)&#160;un&#160;pop-up&#160;s&#8217;affichera&#160;pour&#160;vous&#160;rappeler&#160;si&#160;vous&#160;voulez&#160;reprendre&#160;la&#160;numérisation&#160;ou&#160;n&#160;créer&#160;un nouveau. **&#160;Corriger&#160;l&#8217;indexation&#160;depuis&#160;l&#8217;onglet&#160;tous&#160;les&#160;documents&#160;où&#160;Orphelins&#160;PS&#160;:&#160;Tant&#160;que&#160;le&#160;document&#160;n&#8217;est&#160;pas&#160;approuvé&#160;il&#160;demeure&#160;modifiable Trucs et astuces **&#160;On&#160;peut&#160;continuer&#160;un&#160;projet&#160;d&#8217;indexation&#160;hors&#160;de&#160;l&#8217;endroit&#160;où&#160;nous&#160;avons&#160;commencé&#160;par&#160;exemple&#160;à&#160;la&#160;maison&#160;pas&#160;à&#160;la&#160;clinique&#160;vu&#160;que&#160;nous&#160;avons&#160;accès&#160;à&#160;Myle&#160;.**&#160;Pour&#160;supprimer&#160;une&#160;indexation&#160;:&#160;il&#160;faut&#160;supprimer&#160;le&#160;clinicien&#160;associé&#160;ainsi qu&#8217;attribuer&#160;la&#160;marque&#160;(&#160;Documents&#160;Supprimé)&#160;dans&#160;le&#160;champ&#160;patient&#160;que&#160;nous&#160;devons&#160;créer&#160;pour&#160;en&#160;attribuer&#160;tous&#160;les&#160;documents&#160;à&#160;supprimer&#160;vu&#160;que&#160;rien&#160;ne&#160;se&#160;supprime&#160;dans&#160;Myle. **&#160;En&#160;cas&#160;d&#8217;oubli&#160;ou&#160;erreur d&#8217;indexation&#160;en&#160;lot: 1&#160;&#8211;&#160;créer&#160;un&#160;nouveau&#160;projet&#160; 2&#160;&#8211;&#160;Importer&#160;la&#160;page&#160;en&#160;question&#160; 3&#160;&#8211;&#160;Supprimer&#160;les autres pages&#160;vu&#160;qu&#8217;ils&#160;sont&#160;déjà&#160;dans&#160;le&#160;dossier&#160;patient]]></description>
										<content:encoded><![CDATA[
<h2>Tout&nbsp;document&nbsp;ajouté&nbsp;manuellement&nbsp;: (&nbsp;Numérisation)</h2>



<p><em>This is an un-ordered list</em></p>



<ul><li>Tâche&nbsp;complétée&nbsp;:&nbsp;VERTE</li><li>Tâche&nbsp;non&nbsp;complétée&nbsp;+&nbsp;date&nbsp;du&nbsp;jour&nbsp;ou&nbsp;date&nbsp;antérieure&nbsp;:&nbsp;ROUGE</li><li>Myle&nbsp;ne&nbsp;rappellera&nbsp;pas&nbsp;de la tâche non complétée envoyée&nbsp;dans&nbsp;Archive</li></ul>



<p>Numériser&nbsp;:&nbsp;Passer&nbsp;du&nbsp;papier&nbsp;au&nbsp;numérique<br>Indexer&nbsp;:&nbsp;Attribuer&nbsp;le&nbsp;document&nbsp;au&nbsp;bon&nbsp;dossier&nbsp;patient<br>**Attacher&nbsp;un&nbsp;document&nbsp;s&rsquo;il&nbsp;s&rsquo;agit&nbsp;d&rsquo;un&nbsp;seul&nbsp;document&nbsp;pour&nbsp;indexation<br>**Numéridation&nbsp;en&nbsp;lot&nbsp;:&nbsp;Plusieurs&nbsp;documents&nbsp;au&nbsp;même&nbsp;temps&nbsp;pouvant&nbsp;laisser&nbsp;l&rsquo;action&nbsp;à&nbsp;faire&nbsp;plus&nbsp;tard&nbsp;en&nbsp;cliquant&nbsp;sur&nbsp;annuler.&nbsp;Quand&nbsp;vous&nbsp;revenez&nbsp;dans&nbsp;l&rsquo;ongle&nbsp;(&nbsp;numérisation&nbsp;en&nbsp;lot)&nbsp;un&nbsp;pop-up&nbsp;s&rsquo;affichera&nbsp;pour&nbsp;vous&nbsp;rappeler&nbsp;si&nbsp;vous&nbsp;voulez&nbsp;reprendre&nbsp;la&nbsp;numérisation&nbsp;ou&nbsp;n&nbsp;créer&nbsp;un nouveau.</p>



<p>**&nbsp;Corriger&nbsp;l&rsquo;indexation&nbsp;depuis&nbsp;l&rsquo;onglet&nbsp;tous&nbsp;les&nbsp;documents&nbsp;où&nbsp;Orphelins&nbsp;PS&nbsp;:&nbsp;Tant&nbsp;que&nbsp;le&nbsp;document&nbsp;n&rsquo;est&nbsp;pas&nbsp;approuvé&nbsp;il&nbsp;demeure&nbsp;modifiable</p>



<h3>Trucs et astuces </h3>



<p>**&nbsp;On&nbsp;peut&nbsp;continuer&nbsp;un&nbsp;projet&nbsp;d&rsquo;indexation&nbsp;hors&nbsp;de&nbsp;l&rsquo;endroit&nbsp;où&nbsp;nous&nbsp;avons&nbsp;commencé&nbsp;par&nbsp;exemple&nbsp;à&nbsp;la&nbsp;maison&nbsp;pas&nbsp;à&nbsp;la&nbsp;clinique&nbsp;vu&nbsp;que&nbsp;nous&nbsp;avons&nbsp;accès&nbsp;à&nbsp;Myle&nbsp;.<br>**&nbsp;Pour&nbsp;supprimer&nbsp;une&nbsp;indexation&nbsp;:&nbsp;il&nbsp;faut&nbsp;supprimer&nbsp;le&nbsp;clinicien&nbsp;associé&nbsp;ainsi qu&rsquo;attribuer&nbsp;la&nbsp;marque&nbsp;(&nbsp;Documents&nbsp;Supprimé)&nbsp;dans&nbsp;le&nbsp;champ&nbsp;patient&nbsp;que&nbsp;nous&nbsp;devons&nbsp;créer&nbsp;pour&nbsp;en&nbsp;attribuer&nbsp;tous&nbsp;les&nbsp;documents&nbsp;à&nbsp;supprimer&nbsp;vu&nbsp;que&nbsp;rien&nbsp;ne&nbsp;se&nbsp;supprime&nbsp;dans&nbsp;Myle.</p>



<p><br>**&nbsp;En&nbsp;cas&nbsp;d&rsquo;oubli&nbsp;ou&nbsp;erreur d&rsquo;indexation&nbsp;en&nbsp;lot:</p>



<p><br>1&nbsp;&#8211;&nbsp;créer&nbsp;un&nbsp;nouveau&nbsp;projet&nbsp;</p>



<p>2&nbsp;&#8211;&nbsp;Importer&nbsp;la&nbsp;page&nbsp;en&nbsp;question&nbsp;</p>



<p>3&nbsp;&#8211;&nbsp;Supprimer&nbsp;les autres pages&nbsp;vu&nbsp;qu&rsquo;ils&nbsp;sont&nbsp;déjà&nbsp;dans&nbsp;le&nbsp;dossier&nbsp;patient</p>
]]></content:encoded>
					
		
		
			</item>
		<item>
		<title>Calendrier</title>
		<link>/kb-myle/calendrier/</link>
		
		<dc:creator><![CDATA[tarek]]></dc:creator>
		<pubDate>Wed, 28 Jul 2021 01:00:24 +0000</pubDate>
				<guid isPermaLink="false">/?post_type=epkb_post_type_1&#038;p=42</guid>

					<description><![CDATA[Affichage&#160;par&#160;MOIS / Couleur Couleurs et référence ○ Gris: des RDV disponibles○ Bleu: patient en salle d’attente○ Rose: rdv non confirmé○ Vert: rdv a été confirmé ● Couleur de l’écriture ○ Bleu: RDV pris du Portail Patient○ Pour voir qui a pris le RDV: dans les détails de RDV ● Couleur de l’icône RVSQ dans le [&#8230;]]]></description>
										<content:encoded><![CDATA[
<h2>Affichage&nbsp;par&nbsp;MOIS / Couleur</h2>



<h4>Couleurs et référence </h4>



<p>○ <span class="has-inline-color has-theme-grey-color">Gris</span>: des RDV disponibles<br>○ <span class="has-inline-color has-theme-blue-color">Bleu</span>: patient en salle d’attente<br>○ Rose: rdv non confirmé<br>○ Vert: rdv a été confirmé  </p>



<p><strong>● Couleur de l’écriture</strong></p>



<p><br>○ Bleu: RDV pris du Portail Patient<br>○ Pour voir qui a pris le RDV: dans les détails de RDV</p>



<p><br><strong>● Couleur de l’icône RVSQ dans le coin supérieur gauche de la plage horaire</strong></p>



<p><br>○ Vert = calendrier est synchronisé<br>○ Jaune = il faut cliquer sur l’icône refresh du calendrier<br>○ Rouge = message d’erreur</p>



<p><strong><br>● RDV RVSQ ans une plage horaire</strong></p>



<p><br>○ Gris hachuré: plage horaire créée pour le RVSQ mais pas rendue publique<br>○ Bleu: plage horaire disponible au RVSQ</p>



<ul><li>Journée&nbsp;Vide&nbsp;Blanche&nbsp;:&nbsp;Aucun&nbsp;RDV&nbsp;pris</li><li>Journée Bleu&nbsp;:&nbsp;Il&nbsp;y&nbsp;a&nbsp;encore&nbsp;de&nbsp;la&nbsp;disponibilité&nbsp;nombre&nbsp;RDV&nbsp;pris&nbsp;/&nbsp;Nombre&nbsp;de disponibilités offertes.</li><li>Journée&nbsp;ROSE&nbsp;:&nbsp;Rdv&nbsp;pris&nbsp;en&nbsp;dehors&nbsp;de&nbsp;la&nbsp;plage&nbsp;horaire&nbsp;ou&nbsp;la&nbsp;journée&nbsp;de&nbsp;l&rsquo;intervenant&nbsp;est&nbsp;plein</li><li>Journée&nbsp;GRISE&nbsp;:&nbsp;Contient&nbsp;au&nbsp;moins&nbsp;une&nbsp;règle&nbsp;d&rsquo;affectation&nbsp;:&nbsp;les&nbsp;minutes&nbsp;désigne&nbsp;le&nbsp;temps&nbsp;restant&nbsp;d&rsquo;affectation</li></ul>



<h3>Trucs et Astuces</h3>



<p>**&nbsp;Onglet&nbsp;PA&nbsp;:&nbsp;Affiche&nbsp;la&nbsp;liste&nbsp;des&nbsp;patients&nbsp;qui&nbsp;n&rsquo;ont&nbsp;pas&nbsp;été&nbsp;encore&nbsp;vu&nbsp;a&nbsp;la&nbsp;clinique&nbsp;avec&nbsp;possibilité&nbsp;de&nbsp;confirmer&nbsp;sa&nbsp;présence&nbsp;en&nbsp;le&nbsp;plaçant&nbsp;en&nbsp;(&nbsp;salle&nbsp;d&rsquo;attente&nbsp;)<br>**&nbsp;Onglet&nbsp;MD&nbsp;imprimait&nbsp;les&nbsp;RDV&nbsp;du&nbsp;jour&nbsp;rapidement</p>



<ul><li>Affichage Calendrier</li><li> Écran d’accueil: horaire du jour du médecin, à l’heure qu’il est<ul><li> En haut: nom du médecin, titre, spécialité, nombre de rdv et de disponibilités dans la journée</li></ul></li><li> Bouton imprimer: pour imprimer l’horaire du médecin ou les étiquettes des patients de la journée</li><li> Bouton PA<ul><li> Liste de tous les patients de la journée</li><li> Roue paramètres: pour sélectionner les intervenants dont on voit les patients</li><li> NAM rouge: date expirées</li></ul></li><li> Pour changer, cliquez sur la valeur, ce qui ouvre le dossier patient.<ul><li>○ Une fois la liste de Patients Arrivés ouverte:</li></ul></li><li> Sélectionner “en salle d’attente” lorsque le client est arrivé</li></ul>



<ul><li>  L’état du rdv change lorsque le patient est mis “en salle d’attente”<br>● Le rdv peut disparaître de la liste PA si les paramètres<br>sélectionnés sont de montrer seulement les rdv confirmés<br>    ○ Colonnes sont personnalisables: cliquer sur roulette paramètres puis sur le<br>bouton en bas à gauche du pop-up screen.<br>● Bouton MD<br>  ○ Montre intervenants du jour qui ont un rdv cédulé aujourd&rsquo;hui<br>  ○ Possible d’imprimer la liste de patients de chaque utilisateurs<br>● Bouton paramètres<br>  ○ Configurer la vue du calendrier<br>  ○ Employés<br></li><li>■ Liste de tout le monde qui peut avoir un calendrier au site sélectionné<br>● Seules les utilisateurs cliniques peuvent avoir un calendrier<br><br>  MYLE affichera horaires de 3 intervenants à la fois maximum dans le<br>calendrier</li></ul>
]]></content:encoded>
					
		
		
			</item>
		<item>
		<title>Vidéos support</title>
		<link>/kb-myle/category-hierarchy-and-tabs-layout/</link>
		
		<dc:creator><![CDATA[tarek]]></dc:creator>
		<pubDate>Tue, 27 Jul 2021 22:51:22 +0000</pubDate>
				<guid isPermaLink="false">/knowledge-base/category-hierarchy-and-tabs-layout/</guid>

					<description><![CDATA[Lorem ipsum dolor sit amet, consectetur adipiscing elit, sed do eiusmod tempor incididunt ut labore et dolore magna aliqua. Id eu nisl nunc mi. Sed nisi lacus sed viverra tellus in hac habitasse platea. Quam elementum pulvinar etiam non quam lacus suspendisse faucibus. Eleifend donec pretium vulputate sapien nec.]]></description>
										<content:encoded><![CDATA[<p><a href="https://www.youtube.com/c/Medfarsolutions/videos">https://www.youtube.com/c/Medfarsolutions/videos</a></p>


<p></p>
]]></content:encoded>
					
		
		
			</item>
		<item>
		<title>Configuration</title>
		<link>/kb-myle/additional-information/</link>
		
		<dc:creator><![CDATA[tarek]]></dc:creator>
		<pubDate>Tue, 27 Jul 2021 22:51:20 +0000</pubDate>
				<guid isPermaLink="false">/knowledge-base/additional-information/</guid>

					<description><![CDATA[Lorem ipsum dolor sit amet, consectetur adipiscing elit, sed do eiusmod tempor incididunt ut labore et dolore magna aliqua. Id eu nisl nunc mi. Sed nisi lacus sed viverra tellus in hac habitasse platea. Quam elementum pulvinar etiam non quam lacus suspendisse faucibus. Eleifend donec pretium vulputate sapien nec.]]></description>
										<content:encoded><![CDATA[<h2>Les bases</h2>
<p><span class="word menu-enabled">Configuration</span>:<br />
<span class="word menu-enabled">&#8211;</span> <span class="correction ac" style="color: blue; text-decoration: underline; cursor: pointer; font-family: Montserrat, Verdana, Arial, 'sans serif'; font-size: 14px; font-style: normal; font-variant-ligatures: normal; font-variant-caps: normal; font-weight: 500; letter-spacing: normal; orphans: 2; text-align: start; text-indent: 0px; text-transform: none; white-space: normal; widows: 2; word-spacing: 0px; -webkit-text-stroke-width: 0px;" data-start-index="18" data-end-index="23" data-type="Punctuation">langue</span><br />
<span class="word menu-enabled">&#8211;</span> <span class="correction sac" style="color: #0970ac; text-decoration: underline; cursor: pointer; font-family: Montserrat, Verdana, Arial, 'sans serif'; font-size: 14px; font-style: normal; font-variant-ligatures: normal; font-variant-caps: normal; font-weight: 500; letter-spacing: normal; orphans: 2; text-align: start; text-indent: 0px; text-transform: none; white-space: normal; widows: 2; word-spacing: 0px; -webkit-text-stroke-width: 0px;" data-start-index="28" data-end-index="33" data-type="Spelling">Fax Web</span> : <span class="word menu-enabled">Il</span> <span class="word menu-enabled">vous</span> <span class="word menu-enabled">permet</span> <span class="word menu-enabled">de</span> <span class="word menu-enabled">cliquer</span> <span class="word menu-enabled">sur</span> <span class="word menu-enabled">faxer</span> <span class="word menu-enabled">dans</span> <span class="correction ac" style="color: blue; text-decoration: underline; cursor: pointer; font-family: Montserrat, Verdana, Arial, 'sans serif'; font-size: 14px; font-style: normal; font-variant-ligatures: normal; font-variant-caps: normal; font-weight: 500; letter-spacing: normal; orphans: 2; text-align: start; text-indent: 0px; text-transform: none; white-space: normal; widows: 2; word-spacing: 0px; -webkit-text-stroke-width: 0px;" data-start-index="78" data-end-index="81" data-type="Grammar">tous</span> <span class="word menu-enabled">les</span> <span class="correction ac" style="color: blue; text-decoration: underline; cursor: pointer; font-family: Montserrat, Verdana, Arial, 'sans serif'; font-size: 14px; font-style: normal; font-variant-ligatures: normal; font-variant-caps: normal; font-weight: 500; letter-spacing: normal; orphans: 2; text-align: start; text-indent: 0px; text-transform: none; white-space: normal; widows: 2; word-spacing: 0px; -webkit-text-stroke-width: 0px;" data-start-index="87" data-end-index="92" data-type="Grammar">onglets</span> <span class="correction ac" style="color: blue; text-decoration: underline; cursor: pointer; font-family: Montserrat, Verdana, Arial, 'sans serif'; font-size: 14px; font-style: normal; font-variant-ligatures: normal; font-variant-caps: normal; font-weight: 500; letter-spacing: normal; orphans: 2; text-align: start; text-indent: 0px; text-transform: none; white-space: normal; widows: 2; word-spacing: 0px; -webkit-text-stroke-width: 0px;" data-start-index="94" data-end-index="98" data-type="Grammar">faxés</span> <span class="word menu-enabled">de</span> <span class="correction msac" style="background-color: #8fffd5; text-decoration: underline; cursor: pointer; color: #32485f; font-family: Montserrat, Verdana, Arial, 'sans serif'; font-size: 14px; font-style: normal; font-variant-ligatures: normal; font-variant-caps: normal; font-weight: 500; letter-spacing: normal; orphans: 2; text-align: start; text-indent: 0px; text-transform: none; white-space: normal; widows: 2; word-spacing: 0px; -webkit-text-stroke-width: 0px;" data-start-index="103" data-end-index="106" data-type="Spelling">Myle</span>, <span class="word menu-enabled">il</span> <span class="word menu-enabled">faut</span> <span class="word menu-enabled">donc</span> <span class="word menu-enabled">cocher</span> <span class="word menu-enabled">la</span> <span class="word menu-enabled">case</span>.<br />
<span class="word menu-enabled">&#8211;</span><br />
<span class="word menu-enabled">&#8211;</span></p>
<ul>
<li>Langue</li>
<li><span class="correction sac" style="color: #0970ac; text-decoration: underline; cursor: pointer; font-family: Montserrat, Verdana, Arial, 'sans serif'; font-size: 14px; font-style: normal; font-variant-ligatures: normal; font-variant-caps: normal; font-weight: 500; letter-spacing: normal; orphans: 2; text-align: start; text-indent: 0px; text-transform: none; white-space: normal; widows: 2; word-spacing: 0px; -webkit-text-stroke-width: 0px;" data-start-index="28" data-end-index="33" data-type="Spelling">Fax Web</span> : <span class="word menu-enabled">Il</span> <span class="word menu-enabled">vous</span> <span class="word menu-enabled">permet</span> <span class="word menu-enabled">de</span> <span class="word menu-enabled">cliquer</span> <span class="word menu-enabled">sur</span> <span class="word menu-enabled">faxer</span> <span class="word menu-enabled">dans</span> tous <span class="word menu-enabled">les</span> <span class="correction ac" style="color: blue; text-decoration: underline; cursor: pointer; font-family: Montserrat, Verdana, Arial, 'sans serif'; font-size: 14px; font-style: normal; font-variant-ligatures: normal; font-variant-caps: normal; font-weight: 500; letter-spacing: normal; orphans: 2; text-align: start; text-indent: 0px; text-transform: none; white-space: normal; widows: 2; word-spacing: 0px; -webkit-text-stroke-width: 0px;" data-start-index="87" data-end-index="92" data-type="Grammar">onglets</span> <span class="correction ac" style="color: blue; text-decoration: underline; cursor: pointer; font-family: Montserrat, Verdana, Arial, 'sans serif'; font-size: 14px; font-style: normal; font-variant-ligatures: normal; font-variant-caps: normal; font-weight: 500; letter-spacing: normal; orphans: 2; text-align: start; text-indent: 0px; text-transform: none; white-space: normal; widows: 2; word-spacing: 0px; -webkit-text-stroke-width: 0px;" data-start-index="94" data-end-index="98" data-type="Grammar">faxés</span> <span class="word menu-enabled">de</span> <span class="correction msac" style="background-color: #8fffd5; text-decoration: underline; cursor: pointer; color: #32485f; font-family: Montserrat, Verdana, Arial, 'sans serif'; font-size: 14px; font-style: normal; font-variant-ligatures: normal; font-variant-caps: normal; font-weight: 500; letter-spacing: normal; orphans: 2; text-align: start; text-indent: 0px; text-transform: none; white-space: normal; widows: 2; word-spacing: 0px; -webkit-text-stroke-width: 0px;" data-start-index="103" data-end-index="106" data-type="Spelling">Myle</span>, <span class="word menu-enabled">il</span> <span class="word menu-enabled">faut</span> <span class="word menu-enabled">donc</span> <span class="word menu-enabled">cocher</span> <span class="word menu-enabled">la</span> <span class="word menu-enabled">case.</span></li>
<li><span class="word menu-enabled">Adresse</span> <span class="word menu-enabled">courriel</span> <span class="word menu-enabled">liée</span> <span class="word menu-enabled">au</span> <span class="word menu-enabled">compte</span> <span class="word menu-enabled">utilisateur</span> <span class="word menu-enabled">permet</span> <span class="word menu-enabled">de</span> <span class="word menu-enabled">réinitialiser</span> <span class="word menu-enabled">le</span> <span class="word menu-enabled">mot</span> <span class="word menu-enabled">de</span> <span class="word menu-enabled">passe</span> <span class="correction msac" style="background-color: #8fffd5; text-decoration: underline; cursor: pointer; color: #32485f; font-family: Montserrat, Verdana, Arial, 'sans serif'; font-size: 14px; font-style: normal; font-variant-ligatures: normal; font-variant-caps: normal; font-weight: 500; letter-spacing: normal; orphans: 2; text-align: start; text-indent: 0px; text-transform: none; white-space: normal; widows: 2; word-spacing: 0px; -webkit-text-stroke-width: 0px;" data-start-index="224" data-end-index="227" data-type="Spelling">Myle</span>. <span class="word menu-enabled">Pour</span> <span class="word menu-enabled">vérifier</span> <span class="word menu-enabled">l&rsquo;adresse</span>, <span class="word menu-enabled">cliquer</span> <span class="word menu-enabled">sur</span> <span class="word menu-enabled">renvoyer</span> <span class="word menu-enabled">puis</span> <span class="word menu-enabled">inscrire</span> <span class="word menu-enabled">le</span> <span class="word menu-enabled">code reçu</span> <span class="word menu-enabled">par</span> <span class="word menu-enabled">courriel</span> <span class="word menu-enabled">enfin</span> <span class="word menu-enabled">cliquer</span> <span class="word menu-enabled">sur</span> <span class="word menu-enabled">vérifier</span>.</li>
<li><span class="word menu-enabled">Permission</span> <span class="word menu-enabled">de</span> <span class="word menu-enabled">partage</span></li>
</ul>
<h3>Astuces et trucs</h3>
]]></content:encoded>
					
		
		
			</item>
		<item>
		<title>Myle Analytique</title>
		<link>/kb-myle/your-next-steps/</link>
		
		<dc:creator><![CDATA[tarek]]></dc:creator>
		<pubDate>Tue, 27 Jul 2021 22:51:19 +0000</pubDate>
				<guid isPermaLink="false">/knowledge-base/your-next-steps/</guid>

					<description><![CDATA[Lorem ipsum dolor sit amet, consectetur adipiscing elit, sed do eiusmod tempor incididunt ut labore et dolore magna aliqua. Id eu nisl nunc mi. Sed nisi lacus sed viverra tellus in hac habitasse platea. Quam elementum pulvinar etiam non quam lacus suspendisse faucibus. Eleifend donec pretium vulputate sapien nec.]]></description>
										<content:encoded><![CDATA[<h2>Extraire un fichier Excel</h2>
<p><iframe loading="lazy" title="MYLE Analytique - Importation des données vers Microsoft Excel" width="720" height="405" src="https://www.youtube.com/embed/5pzM4ckqkQ0?start=3&#038;feature=oembed" frameborder="0" allow="accelerometer; autoplay; clipboard-write; encrypted-media; gyroscope; picture-in-picture" allowfullscreen></iframe></p>
]]></content:encoded>
					
		
		
			</item>
		<item>
		<title>Tâches</title>
		<link>/kb-myle/quick-start-guide/</link>
		
		<dc:creator><![CDATA[tarek]]></dc:creator>
		<pubDate>Tue, 27 Jul 2021 22:51:17 +0000</pubDate>
				<guid isPermaLink="false">/knowledge-base/quick-start-guide/</guid>

					<description><![CDATA[Lorem ipsum dolor sit amet, consectetur adipiscing elit, sed do eiusmod tempor incididunt ut labore et dolore magna aliqua. Id eu nisl nunc mi. Sed nisi lacus sed viverra tellus in hac habitasse platea. Quam elementum pulvinar etiam non quam lacus suspendisse faucibus. Eleifend donec pretium vulputate sapien nec.]]></description>
										<content:encoded><![CDATA[<h2><span class="word menu-enabled">Important</span> <span class="word menu-enabled">de</span> <span class="word menu-enabled">changer</span> <span class="word menu-enabled">le</span> statut <span class="word menu-enabled">de</span> <span class="word menu-enabled">la</span> <span class="word menu-enabled">tâche</span> <span class="word menu-enabled">ou</span> <span class="word menu-enabled">rappel</span> <span class="word menu-enabled">dès</span> <span class="word menu-enabled">qu&rsquo;on</span> <span class="word menu-enabled">débute</span> <span class="word menu-enabled">le</span> <span class="word menu-enabled">traitement</span></h2>
<p><em>This is an un-ordered list</em></p>
<ul>
<li><span class="word menu-enabled">Tâche</span> <span class="correction ac" style="color: blue; text-decoration: underline; cursor: pointer; font-family: Montserrat, Verdana, Arial, 'sans serif'; font-size: 14px; font-style: normal; font-variant-ligatures: normal; font-variant-caps: normal; font-weight: 500; letter-spacing: normal; orphans: 2; text-align: start; text-indent: 0px; text-transform: none; white-space: normal; widows: 2; word-spacing: 0px; -webkit-text-stroke-width: 0px;" data-start-index="97" data-end-index="105" data-type="Grammar">complétée</span> : <span class="word menu-enabled">VERTE</span></li>
<li><span class="word menu-enabled">Tâche</span> <span class="correction ac" style="color: blue; text-decoration: underline; cursor: pointer; font-family: Montserrat, Verdana, Arial, 'sans serif'; font-size: 14px; font-style: normal; font-variant-ligatures: normal; font-variant-caps: normal; font-weight: 500; letter-spacing: normal; orphans: 2; text-align: start; text-indent: 0px; text-transform: none; white-space: normal; widows: 2; word-spacing: 0px; -webkit-text-stroke-width: 0px;" data-start-index="125" data-end-index="127" data-type="Grammar">non</span> <span class="word menu-enabled">complétée</span> + <span class="word menu-enabled">date</span> <span class="word menu-enabled">du</span> <span class="word menu-enabled">jour</span> <span class="word menu-enabled">ou</span> <span class="word menu-enabled">date</span> <span class="word menu-enabled">antérieure</span> : <span class="word menu-enabled">ROUGE</span></li>
<li><span class="correction msac" style="background-color: #8fffd5; text-decoration: underline; cursor: pointer; color: #32485f; font-family: Montserrat, Verdana, Arial, 'sans serif'; font-size: 14px; font-style: normal; font-variant-ligatures: normal; font-variant-caps: normal; font-weight: 500; letter-spacing: normal; orphans: 2; text-align: start; text-indent: 0px; text-transform: none; white-space: normal; widows: 2; word-spacing: 0px; -webkit-text-stroke-width: 0px;" data-start-index="184" data-end-index="187" data-type="Spelling">Myle</span> <span class="word menu-enabled">ne</span> <span class="correction ac" style="color: blue; text-decoration: underline; cursor: pointer; font-family: Montserrat, Verdana, Arial, 'sans serif'; font-size: 14px; font-style: normal; font-variant-ligatures: normal; font-variant-caps: normal; font-weight: 500; letter-spacing: normal; orphans: 2; text-align: start; text-indent: 0px; text-transform: none; white-space: normal; widows: 2; word-spacing: 0px; -webkit-text-stroke-width: 0px;" data-start-index="192" data-end-index="200" data-type="Spelling">rappellera</span> <span class="word menu-enabled">pas</span> <span class="correction ac" style="color: blue; text-decoration: underline; cursor: pointer; font-family: Montserrat, Verdana, Arial, 'sans serif'; font-size: 14px; font-style: normal; font-variant-ligatures: normal; font-variant-caps: normal; font-weight: 500; letter-spacing: normal; orphans: 2; text-align: start; text-indent: 0px; text-transform: none; white-space: normal; widows: 2; word-spacing: 0px; -webkit-text-stroke-width: 0px;" data-start-index="206" data-end-index="237" data-type="Grammar">de la tâche non complétée envoyée</span> <span class="word menu-enabled">dans</span> <span class="word menu-enabled">Archive</span></li>
</ul>
<p>● 2 types de tâches:<br />
○ Tâches de groupe<br />
■ Peut être envoyée à plusieurs personnes mais doit seulement être<br />
complétée par 1 personne<br />
■ Changer le statut de la tâche le change pour tout le monde<br />
○ Tâches individuelles<br />
■ Peut être envoyée à plusieurs personnes mais doit être complétée par<br />
tous<br />
■ Changer le statut le change pour 1 personne seulement<br />
● Couleurs et status:<br />
○ Rouge: date d’échéance dépassée et tâche non-débutée<br />
○ Noir: non-débutée<br />
○ Gras: non-lue<br />
○ Vert: complétée<br />
○ Bleu: en cours<br />
○ Mauve: en attente<br />
○ Marron: reportée<br />
● Pour enlever une tâches des archives (désarchiver tâche): la supprimer et cliquer sur<br />
“restaurer de la corbeille”</p>
]]></content:encoded>
					
		
		
			</item>
	</channel>
</rss>
