<?xml version="1.0" encoding="UTF-8"?><rss version="2.0"
	xmlns:content="http://purl.org/rss/1.0/modules/content/"
	xmlns:dc="http://purl.org/dc/elements/1.1/"
	xmlns:atom="http://www.w3.org/2005/Atom"
	xmlns:sy="http://purl.org/rss/1.0/modules/syndication/"
	
	>
<channel>
	<title>
	Commentaires pour Myle	</title>
	<atom:link href="/comments/feed/" rel="self" type="application/rss+xml" />
	<link>/</link>
	<description>Knowledge Base</description>
	<lastBuildDate>Wed, 28 Jul 2021 15:21:00 +0000</lastBuildDate>
	<sy:updatePeriod>
	hourly	</sy:updatePeriod>
	<sy:updateFrequency>
	1	</sy:updateFrequency>
	
	<item>
		<title>
		Commentaires sur Commentaires! par tarek		</title>
		<link>/hello-world/#comment-3</link>

		<dc:creator><![CDATA[tarek]]></dc:creator>
		<pubDate>Wed, 28 Jul 2021 03:16:42 +0000</pubDate>
		<guid isPermaLink="false">/?p=1#comment-3</guid>

					<description><![CDATA[update clinical part now available yuuupi]]></description>
			<content:encoded><![CDATA[<p>update clinical part now available yuuupi</p>
]]></content:encoded>
		
			</item>
		<item>
		<title>
		Commentaires sur Commentaires! par tarek		</title>
		<link>/hello-world/#comment-2</link>

		<dc:creator><![CDATA[tarek]]></dc:creator>
		<pubDate>Wed, 28 Jul 2021 02:34:55 +0000</pubDate>
		<guid isPermaLink="false">/?p=1#comment-2</guid>

					<description><![CDATA[En réponse à &lt;a href=&quot;/hello-world/#comment-1&quot;&gt;Michel Oligny&lt;/a&gt;.

	
nice

]]></description>
			<content:encoded><![CDATA[<p>En réponse à <a href="/hello-world/#comment-1">Michel Oligny</a>.</p>
<p>nice</p>
]]></content:encoded>
		
			</item>
		<item>
		<title>
		Commentaires sur Commentaires! par Michel Oligny		</title>
		<link>/hello-world/#comment-1</link>

		<dc:creator><![CDATA[Michel Oligny]]></dc:creator>
		<pubDate>Tue, 27 Jul 2021 22:32:22 +0000</pubDate>
		<guid isPermaLink="false">/?p=1#comment-1</guid>

					<description><![CDATA[test KB support team]]></description>
			<content:encoded><![CDATA[<p>test KB support team</p>
]]></content:encoded>
		
			</item>
	</channel>
</rss>
